id;title;description;reward_url
1;Dollar;Assurance;Cambridgeshire
2;Carolina holistic Investor;Program Accounts withdrawal;Salad projection Steel
3;Focused;optical index;Investor Account
4;dynamic RAM;Keyboard Chair interface;enterprise Plastic
5;Antilles Computers;Bedfordshire Industrial;orchestrate
6;Refined Avon;Credit;real-time Nevada
7;front-end Computer;Ohio Delaware Small;lavender Vision-oriented
8;Manors Practical withdrawal;full-range;Applications transmit Moldova
9;Metal Serbian;Hampshire efficient;Alaska bypass
10;primary Rubber;Borders;Dynamic International monitor
