id;title;join_code;user_id_list;start_time;end_time
1;Administrator holistic engine;disintermediate blue;Nevada enterprise;2024-03-09T14:27:12;2024-03-09T21:13:31
2;Kenyan Account Computers;copy;Manors Associate Shoes;2024-03-09T03:39:51;2024-03-09T07:37:06
3;coherent;synthesizing payment Borders;ROI Cayman Awesome;2024-03-09T13:45:07;2024-03-09T01:48:04
4;card optimize Handcrafted;Ville generate;FTP Implemented quantifying;2024-03-09T16:09:35;2024-03-09T09:59:57
5;conglomeration;visualize Response lime;Unbranded;2024-03-09T14:56:28;2024-03-09T01:49:57
6;client-server;firewall Planner;pixel;2024-03-09T20:19:20;2024-03-09T10:29:13
7;Forges Avon firewall;state;Czech Baby state;2024-03-09T15:44:26;2024-03-09T08:04:26
8;Zambia;Phased;Branding synthesize;2024-03-09T20:49:34;2024-03-09T02:56:46
9;firewall quantify;Jewelery Compatible;Field;2024-03-09T09:35:53;2024-03-09T08:53:56
10;GB Borders;Handcrafted;Utah Fish;2024-03-09T10:34:35;2024-03-09T01:50:01
